Survey/Gat/Hissa,Status,Attempts,Output File,Error Category,Error Message,Automated Processing Seconds,Human Verification Seconds,Division,District,Taluka,Village
1,COMPLETED,0,अमरावती/चिखलदरा/अहाड/अमरावती_चिखलदरा_अहाड_1.pdf,,,0,0,Amravati Division,अमरावती,चिखलदरा,अहाड
10,COMPLETED,1,अमरावती/चिखलदरा/अहाड/अमरावती_चिखलदरा_अहाड_10.pdf,,,8.43,23.09,Amravati Division,अमरावती,चिखलदरा,अहाड
11,COMPLETED,0,अमरावती/चिखलदरा/अहाड/अमरावती_चिखलदरा_अहाड_11.pdf,,,0,0,Amravati Division,अमरावती,चिखलदरा,अहाड
12,COMPLETED,1,अमरावती/चिखलदरा/अहाड/अमरावती_चिखलदरा_अहाड_12.pdf,,,7.72,24.67,Amravati Division,अमरावती,चिखलदरा,अहाड
13,COMPLETED,1,अमरावती/चिखलदरा/अहाड/अमरावती_चिखलदरा_अहाड_13.pdf,,,7.27,18.69,Amravati Division,अमरावती,चिखलदरा,अहाड
14,PENDING,1,,,,7.09,55.04,Amravati Division,अमरावती,चिखलदरा,अहाड
15,PENDING,0,,,,0,0,Amravati Division,अमरावती,चिखलदरा,अहाड
16,PENDING,0,,,,0,0,Amravati Division,अमरावती,चिखलदरा,अहाड
17,PENDING,0,,,,0,0,Amravati Division,अमरावती,चिखलदरा,अहाड
18,PENDING,0,,,,0,0,Amravati Division,अमरावती,चिखलदरा,अहाड
19,PENDING,0,,,,0,0,Amravati Division,अमरावती,चिखलदरा,अहाड
19/1,PENDING,0,,,,0,0,Amravati Division,अमरावती,चिखलदरा,अहाड
19/2,PENDING,0,,,,0,0,Amravati Division,अमरावती,चिखलदरा,अहाड
2,PENDING,0,,,,0,0,Amravati Division,अमरावती,चिखलदरा,अहाड
20,PENDING,0,,,,0,0,Amravati Division,अमरावती,चिखलदरा,अहाड
21,PENDING,0,,,,0,0,Amravati Division,अमरावती,चिखलदरा,अहाड
22,PENDING,0,,,,0,0,Amravati Division,अमरावती,चिखलदरा,अहाड
23,PENDING,0,,,,0,0,Amravati Division,अमरावती,चिखलदरा,अहाड
24,PENDING,0,,,,0,0,Amravati Division,अमरावती,चिखलदरा,अहाड
25,PENDING,0,,,,0,0,Amravati Division,अमरावती,चिखलदरा,अहाड
26,PENDING,0,,,,0,0,Amravati Division,अमरावती,चिखलदरा,अहाड
27,PENDING,0,,,,0,0,Amravati Division,अमरावती,चिखलदरा,अहाड
28,PENDING,0,,,,0,0,Amravati Division,अमरावती,चिखलदरा,अहाड
29,PENDING,0,,,,0,0,Amravati Division,अमरावती,चिखलदरा,अहाड
3,PENDING,0,,,,0,0,Amravati Division,अमरावती,चिखलदरा,अहाड
30,PENDING,0,,,,0,0,Amravati Division,अमरावती,चिखलदरा,अहाड
31,PENDING,0,,,,0,0,Amravati Division,अमरावती,चिखलदरा,अहाड
32,PENDING,0,,,,0,0,Amravati Division,अमरावती,चिखलदरा,अहाड
33,PENDING,0,,,,0,0,Amravati Division,अमरावती,चिखलदरा,अहाड
34,PENDING,0,,,,0,0,Amravati Division,अमरावती,चिखलदरा,अहाड
35,PENDING,0,,,,0,0,Amravati Division,अमरावती,चिखलदरा,अहाड
36,PENDING,0,,,,0,0,Amravati Division,अमरावती,चिखलदरा,अहाड
37,PENDING,0,,,,0,0,Amravati Division,अमरावती,चिखलदरा,अहाड
38,PENDING,0,,,,0,0,Amravati Division,अमरावती,चिखलदरा,अहाड
39,PENDING,0,,,,0,0,Amravati Division,अमरावती,चिखलदरा,अहाड
4,PENDING,0,,,,0,0,Amravati Division,अमरावती,चिखलदरा,अहाड
40,PENDING,0,,,,0,0,Amravati Division,अमरावती,चिखलदरा,अहाड
41,PENDING,0,,,,0,0,Amravati Division,अमरावती,चिखलदरा,अहाड
42,PENDING,0,,,,0,0,Amravati Division,अमरावती,चिखलदरा,अहाड
43,PENDING,0,,,,0,0,Amravati Division,अमरावती,चिखलदरा,अहाड
44,PENDING,0,,,,0,0,Amravati Division,अमरावती,चिखलदरा,अहाड
45,PENDING,0,,,,0,0,Amravati Division,अमरावती,चिखलदरा,अहाड
46,PENDING,0,,,,0,0,Amravati Division,अमरावती,चिखलदरा,अहाड
47,PENDING,0,,,,0,0,Amravati Division,अमरावती,चिखलदरा,अहाड
48,PENDING,0,,,,0,0,Amravati Division,अमरावती,चिखलदरा,अहाड
49,PENDING,0,,,,0,0,Amravati Division,अमरावती,चिखलदरा,अहाड
5,PENDING,0,,,,0,0,Amravati Division,अमरावती,चिखलदरा,अहाड
50,PENDING,0,,,,0,0,Amravati Division,अमरावती,चिखलदरा,अहाड
51,PENDING,0,,,,0,0,Amravati Division,अमरावती,चिखलदरा,अहाड
52,PENDING,0,,,,0,0,Amravati Division,अमरावती,चिखलदरा,अहाड
53/1,PENDING,0,,,,0,0,Amravati Division,अमरावती,चिखलदरा,अहाड
53/2,PENDING,0,,,,0,0,Amravati Division,अमरावती,चिखलदरा,अहाड
54,PENDING,0,,,,0,0,Amravati Division,अमरावती,चिखलदरा,अहाड
55,PENDING,0,,,,0,0,Amravati Division,अमरावती,चिखलदरा,अहाड
56,PENDING,0,,,,0,0,Amravati Division,अमरावती,चिखलदरा,अहाड
57,PENDING,0,,,,0,0,Amravati Division,अमरावती,चिखलदरा,अहाड
58,PENDING,0,,,,0,0,Amravati Division,अमरावती,चिखलदरा,अहाड
59/1,PENDING,0,,,,0,0,Amravati Division,अमरावती,चिखलदरा,अहाड
59/2,PENDING,0,,,,0,0,Amravati Division,अमरावती,चिखलदरा,अहाड
59/2/अ,PENDING,0,,,,0,0,Amravati Division,अमरावती,चिखलदरा,अहाड
59/2/ब,PENDING,0,,,,0,0,Amravati Division,अमरावती,चिखलदरा,अहाड
59/अ,PENDING,0,,,,0,0,Amravati Division,अमरावती,चिखलदरा,अहाड
6,PENDING,0,,,,0,0,Amravati Division,अमरावती,चिखलदरा,अहाड
60,PENDING,0,,,,0,0,Amravati Division,अमरावती,चिखलदरा,अहाड
7,PENDING,0,,,,0,0,Amravati Division,अमरावती,चिखलदरा,अहाड
8,PENDING,0,,,,0,0,Amravati Division,अमरावती,चिखलदरा,अहाड
9,PENDING,0,,,,0,0,Amravati Division,अमरावती,चिखलदरा,अहाड
